freight_id;freight_group_name
0;0
1;14
2;5
3;5
4;5
5;5
6;5
7;5
8;5
9;5
10;5
11;5
12;5
13;5
14;5
15;5
16;5
17;5
18;5
19;5
20;5
21;5
22;5
23;5
24;5
25;5
26;5
27;5
28;5
29;5
30;5
31;5
32;5
33;5
34;5
35;5
36;5
37;5
38;5
39;5
40;5
41;5
42;5
43;5
44;5
45;5
46;36
47;27
48;5
49;5
50;5
51;5
52;5
53;5
54;5
55;5
56;5
57;5
58;5
59;5
60;5
61;5
62;5
63;36
64;36
65;36
66;7
67;7
68;7
69;7
70;7
181;3
71;7
72;7
73;7
74;7
75;7
76;7
77;7
78;7
79;7
80;7
81;7
82;7
83;7
84;7
85;7
86;7
87;7
88;7
89;7
90;7
91;7
92;7
93;7
94;7
95;7
96;7
97;7
98;7
99;7
100;7
101;7
102;7
103;7
104;7
105;7
106;7
107;7
108;7
109;7
110;7
111;7
112;27
113;7
114;7
115;7
116;7
117;7
118;7
119;7
120;7
121;7
122;7
123;7
124;7
125;7
126;7
127;7
128;7
129;7
130;7
131;7
132;7
133;7
134;7
135;7
136;7
137;7
138;7
139;7
140;7
141;7
142;7
143;7
144;7
145;7
146;7
147;7
148;7
149;7
150;7
151;7
152;7
153;7
154;7
155;7
156;7
157;7
158;7
159;7
160;7
161;7
162;7
163;7
164;7
165;7
166;7
167;7
168;7
169;7
170;7
171;7
172;7
173;7
174;7
175;3
176;3
177;3
178;3
179;3
180;3
182;3
183;3
184;3
185;3
186;3
187;3
188;3
189;3
190;3
191;3
192;3
193;3
194;3
195;3
196;3
197;3
198;3
199;3
200;3
201;3
202;3
203;3
204;3
205;3
206;3
207;3
208;3
209;3
210;3
211;3
212;18
213;18
214;18
215;18
216;18
217;18
218;18
219;18
220;18
221;18
222;18
223;18
224;18
225;18
226;18
227;18
228;19
229;19
230;19
231;19
232;19
233;19
234;18
235;18
236;18
237;18
238;18
239;18
240;18
241;18
242;18
243;18
244;18
245;18
401;18
246;18
247;18
248;18
249;18
250;18
251;18
252;18
253;18
254;18
255;18
256;18
257;18
258;18
259;18
260;18
261;18
262;18
263;18
264;18
265;18
266;18
267;18
268;18
269;18
270;18
271;18
272;18
273;18
274;18
275;18
276;18
277;18
278;18
279;18
280;18
281;18
282;18
283;18
284;18
285;18
286;18
287;18
288;18
338;10
289;18
290;18
291;18
292;18
293;18
294;18
545;2
295;18
296;18
297;18
298;18
299;18
300;18
301;18
302;18
303;18
304;18
305;18
306;18
307;18
308;18
309;18
310;18
311;18
312;10
313;10
314;10
315;10
316;10
317;10
318;10
319;10
320;10
321;10
322;10
323;10
324;10
325;10
326;10
327;10
328;10
329;10
330;10
331;10
332;10
333;10
334;10
335;10
336;10
337;10
339;10
340;10
341;10
342;10
343;10
344;10
345;10
346;10
347;10
547;2
348;10
349;10
350;10
351;10
352;10
353;10
354;10
355;10
356;10
357;10
358;10
359;10
360;10
361;10
362;10
363;10
364;10
365;10
366;10
367;10
368;10
369;10
370;10
371;10
372;10
373;10
374;10
375;10
376;10
377;10
378;10
379;10
380;10
381;10
382;10
383;10
384;10
385;10
386;10
387;10
388;10
389;10
390;10
391;10
486;18
392;18
393;18
394;18
395;18
396;18
397;18
398;18
399;18
400;18
402;18
403;18
404;18
405;18
406;18
407;18
408;18
409;18
410;18
411;18
412;18
413;18
414;18
415;18
416;10
417;10
418;10
419;10
420;10
421;10
422;10
423;10
424;10
425;10
426;10
427;10
428;10
429;10
430;10
431;10
432;10
433;10
434;10
435;10
436;10
437;10
438;10
439;18
440;18
755;8
441;18
442;18
443;18
444;18
445;18
446;18
447;18
448;18
449;18
450;18
451;18
452;18
453;18
454;18
455;18
456;18
457;18
458;18
459;18
460;18
461;18
462;18
463;18
464;18
465;18
466;18
467;18
468;18
469;18
470;18
471;18
472;18
473;18
474;18
475;18
476;18
477;18
478;18
479;18
480;18
481;18
482;18
483;18
484;18
485;18
487;18
488;18
489;18
490;18
491;18
492;18
493;18
494;18
495;18
496;18
497;22
498;22
546;2
499;22
500;22
501;22
502;22
503;22
504;22
505;22
506;22
507;22
508;22
509;22
510;22
511;22
512;22
513;22
514;22
515;22
516;22
517;22
518;22
519;22
520;22
521;22
522;22
523;22
524;22
525;22
526;22
527;22
528;22
529;22
530;22
531;22
532;22
533;22
534;22
535;22
536;2
537;2
538;2
539;2
540;2
541;2
542;2
543;2
544;2
548;2
549;2
550;2
551;2
552;2
553;2
554;2
555;2
556;2
557;2
558;2
559;2
560;2
561;2
562;2
563;2
564;2
565;2
566;2
567;2
568;2
569;2
570;2
571;2
572;2
573;2
574;2
575;2
576;2
577;2
578;2
579;2
580;2
581;2
582;2
583;2
584;2
585;2
586;2
587;2
588;2
589;2
590;2
591;2
592;2
593;2
594;2
595;2
596;2
597;2
598;2
599;2
600;2
601;2
602;2
603;2
604;2
605;2
606;2
607;2
608;2
609;2
610;2
611;2
612;2
613;23
614;23
615;23
616;23
617;23
618;23
619;23
620;23
621;23
622;23
623;23
624;23
625;23
626;23
627;23
628;23
629;23
630;23
631;23
632;23
633;23
634;23
635;23
636;23
637;23
638;23
639;23
640;23
641;24
642;24
643;24
644;24
645;24
646;24
647;24
648;24
649;24
650;24
651;24
652;24
653;24
654;24
655;24
656;24
657;24
658;24
659;24
660;24
661;24
662;24
663;24
3463;26
664;24
665;24
666;24
667;24
668;24
669;24
670;24
671;24
672;24
673;24
674;24
675;24
676;24
677;24
678;24
679;24
680;24
681;24
682;24
683;24
684;24
685;24
686;24
687;24
688;24
689;24
690;24
691;24
692;24
693;24
694;24
695;24
696;24
697;24
698;24
699;24
700;24
701;24
702;24
703;24
704;24
705;24
706;24
707;24
708;24
709;24
710;24
711;24
712;24
713;24
714;24
715;24
716;6
717;6
718;6
719;6
720;6
721;6
722;6
723;6
724;6
725;6
726;6
727;6
728;6
729;6
730;6
731;6
732;6
733;6
734;6
735;6
736;6
737;6
738;6
739;6
740;6
741;6
742;6
743;8
744;8
745;8
746;8
747;8
748;8
749;8
750;8
751;8
752;8
753;8
754;8
756;8
757;8
758;8
759;32
760;32
761;32
762;32
763;32
764;32
765;32
766;32
767;32
768;32
769;32
770;32
771;32
772;32
773;32
774;32
775;32
776;32
777;32
778;32
779;32
780;29
781;29
782;29
783;29
784;29
785;29
786;29
787;29
788;16
789;16
790;16
791;16
792;16
793;16
794;16
795;16
796;16
797;16
798;16
799;16
800;16
801;16
802;16
803;16
804;16
805;16
806;16
807;16
808;16
809;16
810;16
811;16
812;16
813;16
814;16
815;16
816;16
817;16
818;16
819;16
820;16
821;16
822;16
823;16
824;16
825;16
826;16
827;16
828;16
829;16
830;16
831;16
832;16
833;16
834;16
835;16
836;16
837;16
838;16
839;16
840;16
841;16
842;16
843;16
844;16
845;16
846;16
847;16
848;16
849;16
850;16
851;16
852;16
853;16
854;16
855;16
856;16
857;16
858;16
859;16
860;16
861;16
862;16
863;16
864;16
865;16
866;16
867;16
868;16
869;16
870;16
871;16
872;16
873;16
874;16
875;16
876;16
877;16
878;16
879;16
880;16
881;16
882;16
883;16
884;16
885;16
886;16
887;16
888;16
889;16
890;16
891;16
892;16
893;16
894;16
895;16
896;16
897;16
898;16
899;16
900;16
901;16
902;16
903;16
904;16
905;16
906;16
907;16
908;16
909;16
910;16
911;16
912;16
913;16
914;16
915;16
916;16
917;16
918;16
919;16
920;16
921;16
922;16
923;16
924;16
925;16
926;16
927;16
928;16
929;16
930;16
931;16
932;16
933;16
934;16
935;16
936;16
937;16
938;16
939;16
940;16
941;16
942;16
943;16
944;16
945;16
946;16
947;16
948;16
949;16
950;16
951;16
952;16
953;16
954;16
955;16
956;16
957;16
958;16
959;16
960;16
961;16
962;16
963;16
964;16
965;16
966;16
967;16
968;16
969;16
970;16
971;16
972;16
973;16
974;16
975;16
976;16
977;16
978;16
979;16
980;16
981;16
982;16
983;16
984;16
985;16
986;16
987;16
988;16
989;16
990;16
991;16
992;16
993;16
994;16
995;16
996;16
997;16
998;16
999;16
1000;16
1001;16
1002;16
1003;16
1004;31
1005;31
1006;31
1007;31
1008;31
1009;31
1010;31
1011;31
1012;31
1013;31
1014;31
1015;31
1016;31
1017;31
1018;31
1019;31
1020;31
1021;31
1022;31
1023;31
1024;31
1025;31
1026;31
1027;31
1028;31
1029;31
1030;31
1031;31
1032;31
1033;31
1034;31
1035;31
1036;31
1037;31
1038;31
1039;31
1040;31
1041;31
1042;31
1043;31
1044;31
1045;31
1046;31
1047;31
1048;31
1049;31
1050;31
1051;31
1052;31
1053;31
1054;31
1055;31
1056;31
1057;31
1058;31
1059;31
1060;31
1061;31
1062;31
1063;31
1064;31
1065;31
1066;31
1067;31
1068;31
1069;31
1070;31
1251;31
1071;31
1072;31
1073;31
1074;31
1075;31
1076;31
1077;31
1078;31
1079;31
1080;31
1081;31
1082;31
1083;31
1084;31
1085;31
1086;31
1087;31
1088;31
1089;31
1090;31
1091;31
1092;31
1093;31
1094;31
1095;31
1096;31
1097;31
1098;31
1099;31
1100;31
1101;31
1102;31
1103;31
1104;31
1105;31
1106;31
1107;31
1108;31
1109;31
1110;31
1111;31
1112;31
1113;31
1114;31
1115;31
1116;31
1117;31
1118;21
1119;21
1120;21
1121;21
1122;21
1123;21
1124;21
1125;21
1126;21
1127;21
1128;21
1129;21
1130;21
1131;21
1132;21
1133;21
1134;21
1135;21
1136;21
1137;21
1138;21
1139;21
1140;21
1141;21
1142;21
1143;21
1144;21
1145;21
1146;21
1147;21
1148;21
1386;31
1149;21
1150;21
1151;21
1152;21
1153;21
1154;21
1155;21
1156;21
1157;21
1158;21
1159;21
1160;21
1161;21
1162;21
1163;21
1164;21
1165;21
1166;21
1167;21
1168;21
1169;21
1170;21
1171;21
1172;21
1173;21
1174;21
1175;21
1176;21
1177;21
1178;21
1179;21
1180;21
1181;21
1182;21
1183;21
1184;21
1185;21
1186;21
1187;21
1188;21
1189;21
1190;21
1191;21
1192;21
1193;21
1194;21
1195;21
1196;21
1197;21
1198;21
1199;21
1200;21
1201;21
1202;21
1203;21
1204;21
1205;21
1206;21
1207;21
1208;21
1209;21
1210;21
1211;31
1212;31
1213;31
1214;31
1215;31
1216;31
1217;31
1218;31
1219;31
1220;31
1221;31
1222;31
1223;31
1224;31
1225;31
1226;31
1227;31
1228;31
1229;31
1230;31
1231;31
1232;31
1233;31
1234;31
1235;31
1236;31
1237;31
1238;31
1239;31
1240;31
1241;31
1242;31
1243;31
1244;31
1245;31
1246;31
1247;31
1248;31
1249;31
1250;31
1252;31
1253;31
1254;31
1255;31
1256;31
1257;31
1258;31
1259;31
1260;31
1261;31
1262;31
1263;31
1264;31
1265;31
1266;31
1267;31
1268;31
1269;31
1270;31
1271;31
1272;31
1273;31
1274;31
1275;31
1276;31
1277;31
1278;31
1279;31
1280;31
1281;31
1282;31
1283;31
1284;31
1285;31
1286;31
1287;31
1288;31
1387;31
1289;31
1290;31
1291;31
1292;31
1293;31
1294;31
1295;31
1296;31
1297;31
1298;31
1299;31
1300;31
1301;31
1302;31
1549;17
1303;31
1304;31
1305;31
1306;31
1307;31
1308;18
1309;18
1310;18
1311;18
1312;18
1313;18
1314;18
1315;18
1316;18
1317;18
1318;18
1319;18
1320;31
1321;31
1322;31
1323;31
1324;31
1325;31
1326;31
1327;31
1328;31
1329;31
1330;31
1331;31
1332;31
1333;31
1334;31
1388;31
1335;31
1336;31
1337;31
1338;31
1339;31
1340;31
1341;31
1342;31
1343;31
1344;31
1345;31
1346;31
1347;31
1348;31
1349;31
1350;31
1351;31
1352;31
1353;31
1354;31
1355;31
1356;31
1357;31
1358;31
1359;31
1360;31
1361;31
1362;31
1363;31
1364;31
1365;31
1366;31
1367;31
1368;31
1369;31
1370;31
1371;31
1372;31
1373;31
1374;31
1375;31
1376;31
1377;31
1378;31
1379;31
1380;31
1381;31
1382;31
1383;31
1384;31
1385;31
1389;31
1390;31
1391;31
1392;31
1393;31
1394;31
1395;31
1396;31
1397;31
1398;31
1399;31
1400;31
1401;31
1402;31
1403;31
1404;31
1405;31
1406;31
1407;31
1408;31
1409;31
1410;31
1411;31
1412;31
1413;31
1414;31
1415;31
1416;31
1417;31
1418;31
1419;31
1420;31
1421;31
1422;31
1423;31
1424;31
1425;31
1426;31
1427;31
1428;31
1429;31
1430;31
1431;31
1432;31
1433;31
1434;31
1435;31
1436;31
1437;31
1438;31
1597;17
1439;31
1440;31
1441;31
1442;31
1443;31
1444;31
1445;31
1446;31
1447;31
1448;31
1449;31
1450;31
1451;31
1452;31
1453;31
1454;31
1455;31
1456;31
1457;31
1458;31
1459;31
1460;31
1461;31
1462;31
1463;31
1464;31
1465;31
1466;31
1467;31
1468;31
1469;31
1470;31
1471;31
1472;31
1473;31
1474;31
1475;31
1476;31
1477;31
1478;31
1479;31
1480;22
1481;22
1482;22
1483;22
1484;22
1485;22
1486;22
1487;22
1488;22
1489;22
1490;22
1491;22
1492;22
1493;22
1494;22
1495;22
1496;22
1497;22
1498;22
1499;22
1500;22
1501;22
1502;22
1503;22
1504;22
1505;22
1506;40
1507;40
1508;38
1509;38
1510;38
1511;38
1512;38
1513;38
1514;38
1515;38
1516;38
1517;38
1518;38
1519;38
1520;38
1521;38
1522;38
1523;38
1524;38
1525;40
1526;33
1527;33
1528;33
1529;33
1530;33
1531;33
1532;33
1533;33
1534;33
1535;33
1536;33
1537;17
1538;17
1539;17
1540;17
1541;17
1542;17
1543;17
1544;17
1545;17
1546;17
1547;17
1548;17
1550;17
1551;17
1552;17
1553;17
1554;17
1555;17
1556;17
1557;17
1558;17
1559;17
1560;17
1561;17
1562;17
1563;17
1564;17
1565;17
1566;17
1567;17
1568;17
1569;17
1570;17
1571;17
1572;17
1573;17
1574;17
1575;17
1576;17
1577;17
1578;17
1579;17
1580;17
1581;17
1582;17
1583;17
1584;17
1585;17
1586;17
1587;17
1588;17
1589;17
1590;17
1591;17
1592;17
1593;17
1594;17
1595;17
1596;17
1598;17
1599;17
1600;17
1601;17
1602;17
1603;39
1604;39
1605;39
1606;39
1607;39
1608;39
1609;39
1610;39
1611;39
1612;39
1613;39
1614;39
1615;39
1616;39
1617;39
1618;39
1619;39
1620;39
1621;39
1622;39
1623;39
1624;39
1625;39
1626;39
1627;39
1628;39
1629;39
1630;39
1631;39
1632;39
1633;39
1634;39
1635;39
1636;39
1637;39
1638;39
1639;39
1640;39
1641;39
1642;11
1643;11
1644;11
1645;11
1646;11
1647;11
1648;11
1649;11
1650;11
1651;11
1652;11
1653;11
1654;11
1655;11
1656;11
1657;11
1658;11
1659;11
1660;39
1661;39
1662;39
1663;39
1664;39
1665;39
1666;39
1667;39
1668;39
1669;39
1670;39
1671;39
1672;39
1673;39
1674;39
1675;39
1676;39
1677;39
1678;39
1679;39
1680;39
1681;39
1682;39
1683;39
1684;39
1685;39
1686;39
1687;39
1688;39
1689;39
1690;39
1691;39
1692;39
1693;39
1694;39
1695;39
1696;39
1697;39
1698;39
1699;39
1700;39
1701;39
1702;39
1703;39
1704;39
1705;39
1706;39
1707;39
1708;39
1709;39
1710;39
1711;39
1712;37
1713;37
1714;37
1715;37
1716;37
1717;37
1718;37
1719;37
1720;37
1721;37
1722;37
1723;37
1724;37
1725;37
1726;37
1727;37
1728;37
1729;37
1730;37
1731;37
1732;37
1733;37
1734;37
1735;37
1736;37
1737;37
1738;37
1739;37
1740;37
1741;37
1742;37
1743;37
1744;37
1745;37
1746;37
1747;37
1748;37
1749;37
1750;37
1751;37
1752;37
1753;37
1966;1
1754;37
1755;37
1756;37
1757;37
1758;37
1759;37
1760;37
1761;37
1762;37
1763;37
1764;37
1765;37
1766;37
1767;37
1768;37
1769;37
1770;37
1771;37
1772;37
1773;37
1774;37
1775;37
1776;37
1777;37
1778;37
1779;37
1780;37
1781;37
1782;37
1783;37
1784;37
1785;37
1786;37
1787;37
1788;37
1789;37
1790;37
1791;37
1792;37
1793;37
1794;37
1795;37
1796;37
1797;37
1798;37
1799;37
1800;37
1801;37
1802;37
1803;37
1804;37
1805;37
1806;37
1807;37
1808;37
1809;37
1810;21
1811;21
1812;21
1813;21
1814;21
1815;21
1816;21
1817;21
1818;21
1819;21
1820;21
1821;12
1822;12
1823;12
1824;12
1825;12
1826;12
1827;12
1828;12
1829;12
1830;12
1831;12
1832;12
1833;12
1834;12
1835;12
1836;12
1837;12
1838;12
1839;12
1840;12
1841;12
1842;12
1843;12
1844;12
1845;12
1846;12
1847;12
1848;12
1849;12
1850;12
1851;12
1852;12
1853;12
1854;12
1855;12
1856;12
1857;12
1858;12
1859;12
1860;12
1861;12
1862;12
1863;12
1864;12
1865;12
1866;12
1867;28
1916;28
1868;28
1869;28
1870;28
1871;28
1872;28
1873;28
1874;28
1875;28
1876;28
1877;28
1878;28
1879;28
1880;28
1881;28
1882;28
1883;28
1884;28
1885;28
1886;28
1887;28
1888;28
1889;28
1890;28
1891;28
1892;28
1893;28
1894;28
1895;28
1896;28
1897;28
1898;28
1899;28
1900;28
1901;28
1902;28
1903;28
1904;28
1905;28
1906;28
1907;28
1908;28
1909;28
1910;28
1911;28
1912;28
1913;28
1914;28
1915;28
1917;28
1918;28
1919;28
1920;28
1921;28
1922;28
1923;28
1924;28
1925;28
1926;28
1927;28
1928;28
1929;28
1930;28
1931;28
1932;28
1933;28
1934;28
1935;28
1936;28
1937;13
1938;13
1939;13
1940;13
1941;13
1942;13
1943;13
1944;13
1945;13
1946;13
1947;13
1948;13
1949;13
1950;13
1951;13
1952;1
1953;1
1954;1
1955;1
1956;1
1957;1
1958;1
1959;1
1960;1
1961;1
1962;1
1963;1
1964;1
1965;1
1967;1
1968;1
1969;1
1970;1
1971;1
1972;1
1973;1
1974;1
1975;1
1976;1
1977;1
1978;1
1979;1
1980;1
1981;1
1982;1
1983;1
1984;1
1985;14
1986;14
1987;14
1988;14
1989;14
1990;14
1991;14
1992;14
1993;14
1994;14
1995;14
1996;14
1997;14
1998;14
1999;14
2000;14
2001;14
2002;14
2003;14
2004;14
2005;14
2006;14
2007;14
2008;14
2009;14
2010;14
2011;14
2012;14
2013;14
2014;14
2015;14
2016;14
2017;14
2018;14
2019;14
2020;14
2021;14
2022;14
2023;14
2024;14
2025;14
2026;14
2027;14
2028;14
2029;14
2030;14
2031;14
2032;14
2033;14
2034;14
2035;18
2036;22
2037;14
2038;14
2039;14
2040;14
2041;14
2042;14
2043;14
2044;14
2045;14
2046;14
2047;14
2048;14
2049;14
2050;22
2051;22
2052;22
2053;22
2054;22
2055;22
2056;22
2057;22
2058;22
2059;22
2060;22
2061;22
2062;22
2063;22
2064;22
2065;22
2066;22
2067;22
2068;22
2069;22
2070;22
2071;22
2072;22
2073;22
2074;14
2075;14
2076;14
2077;14
2078;14
2079;14
2080;14
2081;14
2082;14
2083;14
2084;14
2085;14
2086;14
2087;14
2088;14
2089;14
2090;14
2091;14
2092;14
2093;14
2094;14
2095;14
2096;14
2097;14
2098;14
2099;14
2100;14
2101;14
2102;14
2103;14
2104;14
2105;14
2106;14
2107;14
2108;14
2109;14
2110;14
2111;14
2112;14
2113;14
2114;14
2115;14
2116;14
2117;14
2118;14
2119;14
2120;14
2121;14
2122;14
2123;14
2124;14
2125;14
2126;14
2127;14
2128;14
2129;14
2130;14
2131;14
2132;14
2133;14
2134;14
2135;14
2136;14
2137;14
2138;14
2139;14
2140;14
2141;14
2142;14
2143;14
2144;14
2145;14
2146;14
2147;14
2148;14
2149;14
2150;14
2151;14
2152;14
2153;14
2154;14
2155;14
2156;14
2157;14
2158;14
2159;14
2160;14
2161;14
2162;14
2163;14
2164;14
2165;14
2166;14
2167;14
2168;14
2169;14
2170;14
2171;14
2172;14
2173;14
2174;14
2175;14
2176;14
2177;14
2178;14
2179;14
2180;14
2181;14
2182;14
2183;14
2184;14
2185;14
2186;14
2187;14
2188;14
2189;14
2190;14
2191;14
2192;14
2193;14
2194;14
2195;14
2196;14
2197;13
2198;14
2199;14
2200;14
2201;14
2202;14
2203;14
2204;14
2205;14
2206;14
2207;14
2208;14
2209;14
2210;14
2211;14
2212;14
2213;14
2214;14
2215;14
2216;14
2217;14
2218;14
2219;14
2220;14
2221;14
2222;14
2223;14
2224;14
2225;14
2226;14
2227;14
2228;14
2229;14
2230;14
2231;14
2232;14
2233;14
2234;14
2235;14
2236;14
2237;14
2238;14
2239;14
2240;14
2241;14
2242;14
2243;14
2244;14
2245;14
2246;14
2247;14
2248;14
2249;14
2250;14
2251;14
2252;14
2253;14
2254;14
2255;14
2256;37
2257;37
2258;37
2259;37
2260;37
2261;37
2262;37
2263;37
2264;37
2265;37
2266;37
2267;37
2268;37
2269;37
2270;37
2271;37
2272;37
2273;37
2274;37
2275;37
2276;37
2277;37
2278;37
2279;37
2280;37
2281;37
2282;37
2283;37
2284;37
2285;37
2362;35
2286;37
2287;37
2288;37
2289;37
2290;37
2291;37
2292;37
2293;37
2294;37
2295;37
2296;37
2297;37
2298;37
2299;37
2300;37
2301;37
2302;37
2303;18
2304;18
2305;18
2306;18
2307;18
2308;18
2309;18
2310;18
2311;18
2312;18
2313;18
2314;18
2315;18
2316;18
2317;18
2318;18
2319;18
2320;18
2321;18
2322;18
2363;35
2364;35
2323;18
2324;18
2325;18
2326;18
2327;18
2328;18
2329;18
2330;18
2331;18
2332;18
2333;18
2334;18
2335;18
2336;18
2337;18
2338;35
2339;35
2340;35
2341;35
2342;35
2343;35
2344;35
2345;35
2346;35
2347;35
2348;35
2349;35
2350;35
2351;35
2352;35
2353;35
2354;35
2355;35
2356;35
2357;35
2358;35
2359;35
2360;35
2361;35
2365;35
2366;35
2367;35
2368;35
2369;35
2413;22
2716;34
2370;35
2371;35
2372;35
2373;35
2374;35
2375;35
2376;35
2377;35
2378;35
2379;35
2380;35
2381;35
2382;35
2383;35
2384;35
2385;35
2386;35
2387;35
2388;35
2389;35
2390;35
2391;35
2392;35
2393;35
2394;35
2395;35
2396;35
2397;35
2398;35
2399;35
2400;35
2401;35
2402;35
2403;35
2404;35
2405;35
2406;35
2407;35
2408;35
2409;22
2410;22
2411;22
2412;22
2414;22
2415;22
2416;22
2417;22
2418;22
2419;22
2420;22
2421;22
2422;22
2423;22
2424;22
2425;22
2426;22
2427;22
2428;22
2429;22
2430;22
2431;22
2432;22
2433;22
2434;22
2435;22
2436;22
2437;22
2438;22
2439;22
2440;22
2441;22
2442;22
2443;22
2444;22
2445;22
2446;22
2447;22
2448;22
2449;22
2450;22
2451;22
2452;22
2453;22
2454;22
2455;22
2456;22
2457;22
2458;22
2459;22
2460;22
2461;22
2462;22
2463;22
2464;22
2465;22
2466;22
2467;22
2468;22
2469;22
2470;22
2471;22
2472;22
2473;22
2474;22
2475;22
2476;22
2477;22
2478;22
2479;22
2480;22
2481;22
2482;22
2483;22
2690;34
2484;22
2485;22
2486;22
2487;22
2488;18
2489;34
2490;34
2491;34
2492;34
2493;34
2494;34
2495;34
2496;34
2497;34
2498;34
2499;18
2715;34
2500;18
2501;18
2502;18
2503;18
2504;18
2505;18
2506;18
2507;18
2508;18
2509;18
2510;18
2511;18
2512;18
2513;18
2514;18
2515;18
2516;18
2517;18
2518;18
2519;18
2520;18
2521;18
2522;18
2523;18
2524;18
2525;18
2526;18
2527;18
2528;18
2529;18
2530;18
2531;18
2532;18
2533;18
2534;18
2535;18
2536;18
2537;18
2538;18
2539;18
2540;18
2541;18
2542;34
2543;34
2544;34
2545;34
2546;34
2547;34
2548;34
2549;34
2550;34
2551;34
2552;34
2553;34
2554;34
2555;34
2556;34
2557;34
2558;34
2559;34
2560;34
2561;34
2562;34
2563;34
2564;34
2565;34
2566;34
2567;34
2568;34
2569;34
2570;34
2571;34
2572;34
2573;34
2574;34
2575;34
2576;34
2577;34
2578;34
2579;34
2580;34
2581;34
2582;34
2583;34
2584;34
2585;34
2586;34
2587;34
2588;34
2589;34
2590;34
2591;34
2592;34
2593;34
2594;34
2595;34
2596;34
2597;34
2598;34
2599;34
2600;34
2601;34
2602;34
2603;34
2604;34
2605;34
2606;34
2607;34
2608;34
2609;34
2610;34
2611;34
2612;34
2613;34
2614;34
2615;34
2616;34
2617;34
2618;34
2619;34
2620;34
2621;34
2622;34
2623;34
2624;34
2625;34
2626;34
2627;34
2628;34
2629;34
2630;34
2631;34
2632;34
2633;34
2634;34
2635;34
2636;34
2637;34
2638;34
2639;34
2640;34
2641;34
2642;34
2643;34
2644;34
2645;34
2646;34
2647;34
2648;34
2649;34
2650;34
2651;34
2652;34
2653;34
2654;34
2655;34
2656;34
2657;18
2658;18
2659;18
2660;18
2661;18
2662;18
2663;18
2664;18
2665;18
2666;18
2667;34
2668;34
2669;34
2670;34
2671;34
2672;34
2673;34
2674;34
2675;34
2676;34
2677;34
2678;34
2679;34
2680;34
2681;34
2682;34
2683;34
2684;34
2685;34
2686;34
2687;34
2688;34
2689;34
2691;34
2692;34
2693;34
2694;34
2695;34
2696;34
2697;34
2698;34
2699;34
2700;34
2701;34
2702;34
2703;34
2704;34
2705;34
2706;34
2707;34
2708;34
2709;34
2710;34
2711;34
2712;34
2713;34
2714;34
2717;34
2718;34
2719;34
2720;34
2721;34
2722;34
2723;34
2724;34
2725;34
2726;34
2727;34
2728;34
2729;34
2730;34
2731;34
2732;34
2733;34
2734;34
2735;34
2736;34
2737;34
2738;34
2739;34
2740;34
2741;34
2742;34
2743;34
2744;34
2745;34
2746;34
2747;34
2748;34
2749;34
2750;34
2751;34
2752;34
2753;34
2754;34
2755;34
2756;34
2757;34
2758;34
2759;34
2760;34
2761;34
2762;34
2763;34
2764;34
2765;34
2766;34
2767;34
2768;34
2769;34
2770;34
2771;34
2772;34
2773;34
2774;34
2775;34
2776;34
2777;34
2778;34
2779;34
2780;34
2781;34
2782;34
2783;34
2784;34
2785;34
2786;34
2787;34
2788;34
2789;34
2790;34
2791;34
2792;34
2793;34
2794;34
2795;34
2796;34
2797;34
2798;34
2799;34
2800;34
2801;34
2802;34
2803;34
2804;34
2805;34
2806;34
2807;34
2808;34
2809;34
2810;34
2811;34
2812;34
2813;34
2814;34
2815;34
2816;34
2817;34
2818;34
2819;34
2820;34
2821;34
2822;34
2823;34
2824;34
2825;34
2826;34
2827;34
2828;34
2829;34
2830;34
2831;34
2832;34
2833;34
2834;34
2835;34
2836;34
2837;34
2838;34
2839;34
2840;34
2841;34
2842;34
2843;34
2844;34
2845;18
2846;18
2847;34
2848;34
2849;34
2850;34
2851;34
2852;34
2853;34
2854;34
2855;34
2856;34
2857;34
2858;34
2859;34
2860;34
2861;34
2862;34
2863;34
2864;34
2865;34
2866;34
2867;34
2868;34
2869;34
2870;34
2871;34
2872;34
2873;34
2874;34
2875;34
2876;34
2877;34
2878;34
2879;34
2880;34
2881;34
2882;34
2883;34
2884;34
2885;34
2886;34
2887;34
2888;34
2889;34
2890;34
2891;34
2892;34
2893;34
2894;34
2895;34
2896;34
2897;34
2898;34
2899;34
2900;34
2901;34
2902;34
2903;34
2904;34
2905;34
2906;34
2907;34
2908;34
2909;34
2910;34
2911;34
2912;34
2913;34
2914;34
2915;34
2916;34
2917;34
2918;34
2919;34
2920;34
2921;34
2922;34
2923;34
2924;34
2925;34
2926;34
2927;34
2928;34
2929;34
2930;34
2931;34
2932;34
2933;34
2934;34
2987;34
2935;34
2936;34
2937;34
2938;34
2939;34
2940;34
2941;34
2942;34
2943;34
2944;34
2945;34
2946;34
2947;34
2948;34
2949;34
2950;34
2951;34
2952;34
2953;34
2954;34
2955;34
2956;34
2957;34
2958;34
2959;34
2960;34
2961;34
2962;34
2963;34
2964;34
2965;34
2966;34
2967;34
2968;34
2969;34
2970;34
2971;34
2972;34
2973;34
2974;34
2975;34
2976;34
2977;34
2978;34
2979;34
2980;34
2981;34
2982;34
2983;34
2984;34
2985;34
2986;34
2988;34
2989;34
2990;34
2991;34
2992;34
2993;34
2994;34
2995;34
2996;34
2997;34
2998;34
2999;34
3000;34
3001;34
3002;34
3003;34
3004;34
3005;34
3006;34
3007;34
3008;34
3009;34
3010;34
3011;34
3012;34
3013;34
3014;34
3015;34
3016;34
3017;34
3018;34
3019;34
3020;34
3021;34
3022;34
3023;34
3024;34
3025;34
3026;34
3027;34
3028;34
3029;34
3030;34
3031;34
3032;34
3033;34
3034;34
3035;34
3036;34
3037;34
3038;34
3039;34
3040;34
3041;34
3042;34
3043;34
3044;34
3045;34
3046;34
3047;34
3048;34
3049;34
3050;34
3051;34
3052;34
3053;34
3054;34
3055;34
3056;34
3057;34
3058;34
3059;34
3060;34
3061;34
3062;34
3063;34
3064;34
3065;34
3066;35
3067;34
3068;34
3069;34
3070;34
3071;34
3072;34
3073;34
3074;34
3075;34
3076;34
3077;34
3078;34
3079;34
3080;34
3081;34
3082;34
3083;34
3084;34
3085;34
3086;34
3087;34
3088;34
3089;34
3090;34
3091;34
3092;34
3093;34
3094;34
3095;34
3096;34
3097;34
3098;34
3099;34
3100;34
3101;34
3102;34
3103;34
3104;34
3105;34
3106;34
3107;34
3108;34
3109;34
3110;34
3111;34
3112;34
3113;34
3114;34
3115;34
3116;34
3117;34
3118;34
3119;34
3120;34
3121;34
3122;34
3123;34
3124;34
3125;34
3126;34
3127;34
3128;34
3129;34
3130;34
3131;34
3132;34
3133;34
3134;34
3252;34
3135;34
3136;34
3137;34
3138;34
3139;34
3140;34
3141;34
3142;34
3143;34
3144;34
3145;34
3146;34
3147;34
3148;34
3149;34
3150;34
3151;34
3152;34
3153;34
3154;34
3155;34
3156;34
3157;34
3158;34
3159;34
3160;34
3161;34
3162;34
3163;34
3164;34
3165;34
3166;34
3167;34
3168;34
3169;34
3170;34
3171;34
3172;34
3173;34
3174;34
3175;34
3176;34
3177;34
3178;34
3179;34
3180;34
3181;34
3182;34
3183;34
3184;34
3185;34
3186;34
3187;34
3188;34
3189;34
3253;34
3190;34
3191;34
3192;34
3193;34
3194;34
3195;34
3196;34
3197;34
3198;34
3199;34
3200;34
3201;34
3202;34
3203;34
3204;34
3205;34
3206;34
3207;34
3208;34
3209;34
3210;34
3211;34
3212;34
3213;34
3214;34
3215;34
3216;34
3217;34
3218;34
3219;34
3220;34
3221;34
3222;34
3223;34
3224;34
3225;34
3226;34
3227;34
3228;34
3229;34
3230;34
3231;34
3232;34
3233;34
3234;34
3235;34
3236;34
3237;34
3238;34
3239;34
3240;34
3241;34
3242;34
3243;34
3244;34
3245;34
3246;34
3247;34
3248;34
3249;34
3250;34
3251;34
3254;34
3255;34
3256;34
3257;34
3258;34
3259;34
3260;34
3261;34
3262;34
3263;34
3264;34
3265;34
3266;34
3267;34
3268;34
3269;34
3270;34
3271;34
3272;34
3273;34
3274;34
3275;34
3276;34
3277;34
3278;34
3279;34
3280;34
3281;34
3282;34
3283;34
3284;34
3285;34
3286;34
3287;34
3288;34
3289;20
3290;20
3291;20
3292;20
3293;20
3294;20
3295;20
3296;20
3297;20
3298;20
3299;20
3300;20
3301;20
3302;20
3303;20
3304;20
3305;20
3306;20
3307;20
3308;20
3309;20
3310;20
3311;20
3312;20
3313;20
3462;26
3314;20
3315;20
3316;20
3317;20
3318;20
3319;20
3320;20
3321;20
3322;20
3323;20
3324;20
3325;20
3326;20
3327;20
3328;20
3329;20
3330;20
3331;20
3332;20
3333;20
3334;20
3335;20
3336;20
3337;20
3338;20
3339;19
3340;19
3341;19
3342;19
3343;19
3344;19
3345;19
3346;19
3347;19
3348;19
3349;19
3350;19
3351;19
3352;19
3353;19
3354;19
3355;19
3356;19
3357;19
3358;19
3359;19
3360;19
3361;19
3362;19
3363;19
3364;19
3365;19
3366;19
3367;19
3368;19
3369;19
3370;19
3371;19
3372;19
3373;19
3374;19
3375;19
3376;19
3377;19
3378;19
3379;19
3380;19
3381;19
3382;19
3383;19
3384;19
3385;19
3386;19
3387;19
3388;19
3389;19
3390;19
3391;19
3392;19
3393;19
3394;19
3395;19
3396;19
3397;19
3398;19
3399;19
3400;19
3401;19
3402;19
3403;19
3404;19
3405;19
3406;19
3407;19
3408;19
3409;19
3410;19
3411;19
3412;19
3413;19
3414;19
3415;19
3416;19
3417;19
3418;19
3419;19
3420;19
3421;19
3422;19
3423;19
3424;19
3425;19
3426;19
3427;19
3428;19
3429;19
3430;19
3431;19
3432;19
3433;19
3434;19
3435;19
3436;19
3437;19
3438;19
3439;19
3440;19
3441;19
3442;19
3443;19
3444;19
3445;19
3446;19
3447;19
3448;19
3449;19
3450;19
3451;19
3452;19
3453;19
3454;19
3455;19
3456;19
3457;19
3458;19
3459;19
3460;26
3461;26
3464;26
3465;26
3466;26
3467;26
3468;26
3469;30
3470;30
3471;30
3472;30
3473;30
3474;30
3475;30
3476;30
3477;9
3478;9
3479;9
3480;9
3481;9
3482;9
3483;9
3484;9
3485;9
3486;9
3487;4
3488;4
3489;4
3490;4
3491;4
3492;4
3493;4
3494;4
3495;4
3496;4
3497;4
3498;4
3499;4
3500;4
3501;4
3502;4
3503;4
3504;4
3505;4
3506;4
3507;4
3508;4
3509;4
3510;4
3511;4
3512;4
3513;4
3514;4
3515;4
3516;15
3517;18
3518;18
3519;18
3520;18
3521;18
3522;18
3523;18
3524;18
3525;18
3526;18
3527;18
3528;18
3529;18
3530;18
3531;18
3532;18
3533;15
3534;15
3535;15
3536;15
3537;15
3538;19
3539;19
3540;19
3541;19
3542;19
3543;19
3544;19
3545;19
3546;19
3547;19
3548;19
3549;19
3550;19
3551;19
3552;15
3553;15
3554;15
3555;19
3556;19
3557;19
3558;19
3559;19
3560;19
3561;19
3562;19
3563;19
3564;19
3565;19
3566;19
3567;19
3568;19
3569;19
3570;19
3571;19
3572;19
3573;19
3574;19
3575;19
3576;19
3577;19
3578;19
3579;19
3580;19
3581;19
3582;19
3583;19
3584;19
3585;19
3586;19
3587;19
3588;19
3589;15
3590;15
3591;15
3592;15
3593;15
3594;15
3595;15
3596;15
3597;15
3598;15
3599;15
3600;15
3601;15
3602;15
3603;15
3604;15
3605;15
3606;15
3607;15
3608;15
3609;15
3610;15
3611;15
3612;15
3613;15
3614;15
3615;15
3616;15
3617;15
3618;15
3619;15
3620;15
3621;15
3622;18
3623;18
3624;18
3625;18
3626;18
3627;18
3628;18
3629;18
3630;18
3631;18
3632;25
3633;25
3634;25
3635;25
3636;25
3637;25
3638;25
3639;25
3640;25
3641;25
3642;25
3643;25
3644;25
3645;25
3646;25
3647;25
3648;25
3649;25
3650;25
3651;25
3652;25
3653;25
3654;25
3655;25
3656;25
3657;25
3658;25
3659;25
3660;25
3661;25
3662;25
3663;25
3664;25
3665;25
3666;25
3667;25
3668;25
3669;25
3670;25
3671;25
3672;25
3673;25
3674;19
3675;19
3676;19
3677;19
3678;19
3679;19
3680;19
3681;19
3682;19
3683;19
3684;19
3685;19
3686;19
3687;19
3688;19
3689;19
3690;19
3691;19
3692;19
3693;19
3694;19
3695;19
3696;19
3697;19
3698;19
3699;19
3700;19
3701;19
3702;19
3703;19
3704;19
3705;19
3706;19
3707;19
3708;19
3709;19
3710;19
3711;19
3712;19
3713;19
3714;19
3715;19
3716;19
3717;19
3718;19
3719;19
3720;19
3721;19
3722;19
3723;19
3724;19
3725;19
3726;19
3727;19
3728;19
3729;19
3730;19
3731;19
3732;19
3733;19
3734;19
3735;19
3736;19
3737;19
3738;19
3739;19
3740;19
3741;19
3742;19
3743;19
3744;19
3745;19
3746;19
3747;19
3748;19
3749;19
3750;19
3751;19
3752;19
3753;19
3754;19
3755;19
3756;19
3757;19
3758;19
3759;19
3760;19
3761;19
3762;19
3763;19
3764;19
3765;19
3766;19
3767;19
3768;19
3769;19
3770;19
3771;19
3772;19
3821;18
3773;19
3774;19
3775;19
3776;19
3777;19
3778;19
3779;19
3780;19
3781;19
3782;19
3783;19
3784;19
3785;19
3786;19
3787;19
3788;19
3789;18
3790;18
3791;18
3792;18
3793;18
3794;18
3795;18
3796;36
3797;36
3798;36
3799;36
3800;36
3801;36
3802;36
3803;18
3804;18
3805;18
3806;18
3807;18
3808;18
3809;18
3810;18
3811;18
3812;18
3813;18
3814;18
3815;18
3816;18
3817;18
3818;18
3819;18
3820;18
3822;22
3823;22
3824;22
3825;22
3826;22
3827;22
3828;22
3829;22
3830;22
3831;22
3832;22
3833;22
3834;22
3835;22
3836;22
3837;22
3838;22
3839;22
3840;22
3841;18
3842;18
3843;18
3844;18
3845;18
3846;18
3847;18
3848;18
3849;18
3850;18
3851;18
3852;18
3853;18
3854;18
3855;18
3856;18
3857;18
3858;18
3859;18
3860;18
3861;18
3862;18
3863;18
3864;18
3865;18
3866;18
3867;18
3868;18
3869;18
3870;22
3871;22
3872;22
3873;22
3874;22
3875;22
3876;22
3877;22
3878;22
3879;22
3880;22
3881;22
3882;22
3883;22
3884;22
3885;22
3886;22
3887;22
3888;22
3889;22
3890;22
3891;22
3892;22
3893;22
3894;22
3895;22
3896;22
3897;22
3898;22
3899;22
3900;22
3901;22
3902;22
3903;22
3904;22
3905;22
3906;22
3907;22
3908;22
3909;22
3910;22
3911;22
3912;22
3913;22
3914;22
3915;22
3916;22
3917;22
3918;22
3919;22
3920;22
3921;22
3922;22
3923;22
3924;22
3925;22
3926;22
3927;22
3928;22
3929;22
3930;22
3931;22
3932;22
3933;22
3934;22
3935;22
3936;22
3937;22
3938;22
3939;22
3940;22
3941;22
3942;22
3943;22
3944;22
3945;22
3946;22
3947;22
3948;22
3949;22
3950;22
3951;22
3952;22
3953;22
3954;22
3955;22
3956;22
3957;22
3958;22
3959;22
3960;22
3961;22
3962;22
3963;22
3964;22
3965;22
3966;22
3967;22
3968;22
3969;22
3970;22
3971;22
3972;22
3973;22
3974;22
3975;22
3976;22
3977;22
3978;22
3979;22
3980;22
3981;22
3982;22
3983;22
3984;22
3985;22
3986;22
3987;22
4325;34
3988;22
3989;22
3990;22
3991;22
3992;22
3993;22
3994;22
3995;22
3996;22
3997;22
3998;22
3999;22
4000;22
4001;22
4002;22
4003;22
4004;22
4005;22
4006;22
4007;22
4008;22
4009;22
4010;22
4011;22
4012;22
4013;22
4014;22
4015;22
4016;22
4017;22
4018;22
4019;22
4020;22
4021;22
4022;22
4023;22
4024;18
4025;18
4026;18
4027;18
4028;18
4029;18
4030;18
4031;18
4032;18
4033;18
4034;18
4035;18
4036;18
4349;34
4037;18
4038;18
4039;18
4040;18
4041;18
4042;18
4043;18
4044;18
4045;18
4046;18
4047;18
4048;18
4049;18
4050;18
4051;18
4052;22
4053;22
4054;22
4055;22
4056;22
4057;22
4058;22
4059;22
4060;22
4061;22
4062;22
4063;22
4064;22
4065;22
4066;22
4067;22
4068;22
4069;22
4070;22
4071;22
4072;22
4073;22
4074;22
4075;22
4076;22
4077;22
4078;22
4079;22
4080;22
4081;22
4082;22
4083;22
4084;22
4085;22
4086;22
4087;22
4088;22
4089;22
4090;22
4091;22
4092;22
4093;22
4094;22
4095;22
4096;22
4097;22
4098;22
4099;22
4100;22
4101;22
4102;22
4103;22
4104;22
4105;22
4106;22
4107;22
4108;22
4109;22
4110;22
4111;22
4112;22
4113;22
4114;22
4115;22
4116;22
4117;22
4118;22
4350;34
4119;22
4120;22
4121;22
4122;18
4123;18
4124;18
4125;18
4126;18
4127;18
4128;18
4129;18
4130;18
4131;18
4132;18
4133;18
4134;18
4135;18
4136;18
4137;18
4138;18
4139;18
4140;18
4141;18
4142;18
4143;18
4144;18
4145;22
4146;22
4147;22
4148;22
4149;22
4150;22
4151;22
4152;22
4153;22
4154;22
4155;22
4156;22
4157;22
4158;22
4159;22
4160;22
4248;18
4161;22
4162;22
4163;22
4164;22
4165;22
4166;22
4167;22
4168;22
4169;22
4170;22
4171;22
4172;22
4173;22
4174;22
4175;22
4176;22
4177;22
4178;22
4179;22
4180;22
4181;22
4182;22
4183;22
4184;22
4185;22
4186;22
4187;22
4188;22
4189;22
4190;22
4191;22
4192;22
4193;22
4194;22
4195;22
4196;22
4197;22
4198;22
4199;22
4200;22
4201;22
4202;22
4203;22
4249;18
4204;22
4205;22
4206;22
4207;22
4208;22
4209;22
4210;22
4211;22
4212;22
4213;22
4214;22
4215;22
4216;18
4217;18
4218;18
4219;18
4220;18
4221;18
4222;18
4223;18
4224;18
4225;18
4226;18
4227;18
4228;18
4229;18
4230;18
4231;22
4232;22
4233;22
4234;22
4235;22
4236;22
4326;34
4237;22
4238;22
4239;22
4240;22
4241;22
4242;22
4243;22
4244;22
4245;22
4246;22
4247;18
4250;18
4251;18
4252;18
4253;18
4254;18
4255;18
4256;18
4257;18
4258;18
4259;18
4260;18
4261;18
4262;18
4263;18
4264;18
4265;18
4266;18
4267;18
4268;18
4269;18
4270;18
4271;18
4272;18
4273;18
4274;18
4275;18
4276;18
4277;18
4278;18
4279;18
4280;18
4281;18
4282;18
4283;18
4284;18
4285;18
4286;18
4287;18
4288;18
4289;18
4290;18
4291;18
4292;18
4293;18
4294;18
4295;18
4296;18
4297;18
4298;18
4299;18
4300;18
4301;18
4302;18
4303;18
4304;18
4305;18
4306;18
4307;18
4308;18
4309;18
4310;18
4311;18
4312;34
4313;34
4314;34
4315;34
4316;34
4317;34
4318;34
4319;34
4320;34
4321;34
4322;34
4323;34
4324;34
4327;34
4328;34
4329;34
4330;34
4331;34
4332;34
4333;34
4334;34
4335;34
4336;34
4337;34
4338;34
4339;34
4340;34
4341;34
4342;34
4343;34
4344;34
4345;34
4346;34
4347;34
4348;34
4351;34
4352;34
4353;34
4354;34
4355;34
4356;34
4357;34
4358;34
4359;34
4360;34
4361;34
4362;34
4363;34
4364;34
4365;34
4366;34
4367;34
4368;34
4369;34
4370;34
4371;34
4372;34
4373;34
4374;34
4375;34
4376;34
4377;34
4378;34
4379;34
4380;34
4381;34
4382;34
4383;34
4384;34
4385;34
4386;34
4387;34
4388;34
4389;34
4390;34
4391;34
4392;34
4393;34
4394;34
4395;34
4396;34
4397;34
4398;34
4399;34
4400;34
4401;34
4402;34
4403;34
4404;34
4405;34
4406;34
4407;34
4408;34
4409;34
4410;34
4411;34
4412;34
4413;34
4414;34
4415;34
4416;34
4417;34
4418;34
4419;34
4420;34
4421;34
4422;34
4423;34
4424;34
4425;34
4426;34
4427;34
4428;34
4429;34
4430;34
4431;34
4432;34
4433;34
4434;34
4435;34
4436;34
4437;34
4438;34
4439;34
4440;34
4441;34
4442;34
4443;34
4444;34
4445;34
4446;34
4447;34
4448;34
4449;34
4450;34
4451;34
4452;34
4453;34
4454;34
4455;34
4456;34
4457;35
4458;34
4459;34
4460;34
4461;34
4462;34
4463;34
4464;34
4465;34
4466;34
4467;34
4468;34
4469;34
4470;34
4471;34
4472;34
4473;34
4474;34
4475;34
4476;34
4477;34
4478;34
4479;34
4480;34
4481;34
4482;34
4483;34
4484;34
4485;34
4486;34
4487;34
4488;34
4489;34
4490;34
4491;34
4492;34
4493;34
4494;34
4495;34
4496;34
4497;34
4498;34
4499;34
4500;34
4501;34
4502;34
4503;34
4504;34
4505;34
4506;34
4507;34
4508;34
4509;34
4510;34
4511;34
4512;34
4513;34
4514;34
4515;34
4516;34
4517;34
4518;34
4519;34
4520;34
4521;34
4522;34
4523;34
4524;34
4525;34
4526;34
4527;34
4528;34
4529;34
4530;34
4531;34
4532;34
4533;34
4534;34
4535;34
4536;34
4537;34
4538;34
4539;34
4540;34
4541;34
4542;34
4543;34
4544;34
4545;34
4546;34
4547;34
4548;34
4549;34
4550;34
4551;34
4552;34
4553;34
4554;34
4555;34
4556;34
4557;34
4558;34
4559;34
4560;34
4561;34
4562;34
4563;34
4564;34
4565;34
4566;34
4567;34
4568;34
4569;34
4570;34
4571;34
4572;34
4573;34
4574;34
4575;34
4576;34
4577;34
4578;34
4579;34
4580;34
4581;34
4582;34
4583;34
4584;34
4585;34
4586;34
4587;34
4588;34
4589;34
4590;34
4591;34
4592;34
4593;34
4594;34
4595;34
4596;34
4597;34
4598;34
4599;34
4600;34
4601;34
4602;34
4603;34
4604;34
4605;34
4606;34
4607;34
4608;34
4609;34
4610;34
4611;34
4612;34
4613;34
4614;34
4615;34
4616;34
4617;34
4618;34
4619;34
4620;34
4621;34
4622;34
4623;34
4624;34
4625;34
4626;34
4627;34
4628;34
4629;34
4630;34
4631;34
4632;34
4633;34
4634;34
4635;34
4636;34
4637;34
4638;34
4639;34
4640;34
4641;34
4642;34
4643;34
4644;34
4645;34
4646;34
4647;34
4648;34
4649;34
4650;34
4651;34
4652;34
4653;34
4654;34
4655;34
4656;34
4657;34
4658;34
4659;34
4660;34
4661;34
4662;34
4663;34
4664;34
4665;34
4666;34
4667;34
4668;34
4669;34
4670;34
4671;34
4672;34
4673;34
4674;34
4675;34
4676;34
4677;34
4678;34
4679;34
4680;34
4681;34
4682;34
4683;34
4684;34
4685;34
4686;34
4687;34
4688;34
4689;34
4690;34
4691;34
4692;34
4693;34
4694;34
4695;34
4696;34
4697;34
4698;34
4699;34
4700;34
4701;34
4702;34
4703;34
4704;34
4705;34
4706;34
4707;34
4708;34
4709;34
4710;34
4711;34
4712;34
4713;34
4714;34
4715;34
4716;34
4717;34
4718;34
4719;34
4720;34
4721;34
4722;34
4723;34
4724;34
4725;34
4726;34
4727;34
4728;34
4729;34
4730;34
4731;34
4732;34
4733;34
4734;34
4735;34
4736;34
4737;34
4738;34
4739;34
4740;34
4741;34
4742;34
4743;34
4744;34
4745;34
4746;34
4747;34
4748;34
4749;34
4750;34
4751;34
4752;34
4753;34
4754;34
4755;34
4756;34
4757;34
4758;34
4759;34
4760;34
4761;34
4762;34
4763;34
4764;34
4765;34
4766;34
4767;34
4768;34
4769;34
4770;34
4771;34
4772;34
4773;34
4774;34
4775;34
4776;34
4777;34
4778;34
4779;34
4780;34
4781;34
4782;34
4783;34
4784;34
4785;34
4786;34
4787;34
4788;34
4789;34
4790;34
4791;34
4792;34
4793;34
4794;34
4795;34
4796;34
4797;34
4798;34
4799;34
4800;34
4801;34
4802;34
4803;34
4804;34
4805;34
4806;34
4807;34
4808;34
4809;34
4810;34
4811;34
4812;34
4813;34
4814;34
4815;34
4816;34
4817;34
4818;34
4819;34
4820;34
4821;34
4822;34
4823;34
4824;34
4825;34
4826;34
4827;34
4828;34
4829;34
4830;34
4831;34
4832;34
4833;34
4834;34
4835;34
4836;34
4837;34
4838;34
4839;34
4840;34
4841;34
4842;34
4843;34
4844;34
4845;34
4846;34
4847;34
4848;34
4849;34
4850;34
4851;34
4852;34
4853;34
4854;34
4855;34
4856;34
4857;34
4858;34
4859;34
4860;34
4861;34
4862;34
4863;34
4864;34
4865;34
4866;34
4867;34
4868;34
4869;34
4870;34
4871;34
4872;34
4873;34
4874;34
4875;34
4876;34
4877;34
4878;34
4879;34
4880;34
4881;34
4882;34
4883;34
4884;34
4885;34
4886;34
4887;34
4888;34
4889;34
4890;34
4891;34
4892;34
4893;34
4894;34
4895;34
4896;34
4897;34
4898;34
4899;34
4900;34
4901;34
4902;34
4903;34
4904;34
4905;34
4906;34
4907;34
4908;34
4909;34
4910;34
4911;34
4912;34
4913;34
4914;34
4915;34
4916;34
4917;34
4918;34
4919;34
4920;34
4921;34
4922;34
4923;34
4924;34
4925;34
4926;34
4927;34
4928;34
4929;34
4930;34
4931;34
4932;34
4933;34
4934;34
4935;34
4936;34
4937;34
4938;34
4939;34
4940;34
4941;34
4942;34
4943;34
4944;34
4945;34
4946;34
4947;34
4948;34
4949;34
4950;34
4951;34
4952;34
4953;34
4954;34
4955;34
4956;34
4957;34
4958;34
4959;34
4960;34
4961;34
4962;34
4963;34
4964;34
4965;34
4966;34
4967;34
4968;34
4969;34
4970;34
4971;34
4972;34
4973;34
4974;34
4975;34
4976;34
4977;34
4978;34
4979;34
4980;34
4981;34
4982;34
4983;34
4984;34
4985;34
4986;34
4987;34
4988;34
4989;34
4990;34
4991;34
4992;34
4993;34
4994;34
4995;34
4996;34
4997;34
4998;34
4999;34
5000;34
5001;34
5002;34
5003;34
5004;34
5005;34
5006;34
5007;34
5008;34
5009;34
5010;34
5011;34
5012;34
5013;34
5014;34
5015;34
5016;34
5017;34
5018;34
5019;34
5020;34
5021;34
5022;34
5023;34
5024;34
5025;34
5026;34
5027;34
5028;34
5029;34
5030;34
5031;34
5032;34
5033;34
5034;34
5035;34
5036;34
5037;34
5038;34
5039;34
5040;34
5041;34
5042;34
5043;34
5044;34
5045;34
5046;34
5047;34
5048;34
5049;34
5050;34
5051;34
5052;34
5053;34
5054;34
5055;34
5056;34
5057;34
5058;34
5059;34
5060;34
5061;34
5062;34
5063;34
5064;34
5065;34
5066;34
5067;34
5068;34
5069;34
5070;34
5071;34
5072;34
5073;34
5074;34
5075;34
5076;34
5077;34
5078;34
5079;34
5080;34
5081;34
5082;34
5083;34
5084;34
5085;34
5086;34
5087;34
5088;34
5089;34
5090;34
5091;34
5092;34
5093;34
5094;34
5095;34
